<?xml version="1.0" encoding="UTF-8" ?>
<!DOCTYPE mapper PUBLIC "-//mybatis.org//DTD Mapper 3.0//EN"
	"http://mybatis.org/dtd/mybatis-3-mapper.dtd">

<mapper namespace="com.ssafy.attraction.model.mapper.AttractionMapper">

	<resultMap type="AttractionInfoDto" id="attractioninfo">
		<result column="no" property="no"/>
		<result column="content_id" property="contentId"/>
		<result column="content_type_id" property="contentTypeId"/>
		<result column="title" property="title"/>
		<result column="addr1" property="addr1"/>
		<result column="addr2" property="addr2"/>
		<result column="tel" property="tel"/>
		<result column="first_image1" property="firstImage1"/>
		<result column="first_image2" property="firstImage2"/>
		<result column="area_code" property="sidoCode"/>
		<result column="si_gun_gu_code" property="sigunguCode"/>
		<result column="latitude" property="latitude"/>
		<result column="longitude" property="longitude"/>
		<result column="map_level" property="mlevel"/>
		<result column="is_liked" property="isLiked"/>
	</resultMap>

	<resultMap type="GugunDto" id="gugun">
		<result column="gugun_code" property="gugunCode"/>
		<result column="gugun_name" property="gugunName"/>
		<result column="sido_code" property="sidoCode"/>
	</resultMap>

	<resultMap type="SidoDto" id="sido">
		<result column="sido_code" property="sidoCode"/>
		<result column="sido_name" property="sidoName"/>
	</resultMap>

	<resultMap type="AttractionTypeDto" id="contentType">
		<result column="content_type_id" property="attractionTypeId"/>
		<result column="content_type_name" property="attractionTypeName"/>
	</resultMap>


	<select id="attractionList" resultType="AttractionInfoDto" resultMap="attractioninfo">
		SELECT
		a.no,
		a.content_id,
		a.content_type_id,
		a.title,
		a.addr1,
		a.addr2,
		a.tel,
		a.first_image1,
		a.first_image2,
		a.area_code AS sido_code,
		a.si_gun_gu_code AS sigungu_code,
		a.latitude,
		a.longitude,
		a.map_level,
		a.homepage,
		a.overview,

		CASE
		WHEN al.user_id = #{userId} THEN true
		ELSE false
		END AS is_liked
		FROM attractions a
		LEFT JOIN attraction_like al
		ON a.no = al.attraction_no
		AND al.user_id = #{userId} <!-- userId가 없으면 매칭되지 않음 -->
		<where>
			<if test="sidoCode != 0">
				AND a.area_code = #{sidoCode}
			</if>
			<if test="contentTypeId != 0">
				AND a.content_type_id = #{contentTypeId}
			</if>
			<if test="title != '' ">
				AND a.title LIKE CONCAT('%', #{title}, '%')
			</if>
		</where>
		ORDER BY a.content_id
	</select>



	<!-- userId 없이 관광지 조회 -->
	<select id="getAttractionsWithoutLikes" resultType="AttractionInfoDto" resultMap="attractioninfo">
		SELECT *
		FROM attractions
		<where>
			<if test="sidoCode != 0">
				AND area_code = #{sidoCode}
			</if>
			<if test="contentTypeId != 0">
				AND content_type_id = #{contentTypeId}
			</if>
			<if test="title != '' ">
				AND title LIKE CONCAT('%', #{title}, '%')
			</if>
		</where>
	</select>

	<select id="gugunList" parameterType="int" resultMap="gugun">
		SELECT gugun_code, gugun_name, sido_code
		FROM guguns
		WHERE sido_code = #{sidoCode}
	</select>

	<select id="sidoList" resultMap="sido">
		SELECT sido_code, sido_name
		FROM sidos
	</select>

	<select id="attractionTypeList" resultMap="contentType">
		SELECT content_type_id, content_type_name
		FROM contenttypes
	</select>

<!--	<select id="getAttraction" parameterType="int" resultMap="attractioninfo">-->
<!--	 	SELECT content_id, content_type_id, title, addr1, addr2,-->
<!--		zipcode, tel, first_image, first_image2, readcount, sido_code, gugun_code, latitude, longitude, mlevel-->
<!--		FROM attractions-->
<!--		WHERE content_id=#{contentId}-->
<!--	</select>-->

	<select id="getAttractionNo" parameterType="int" resultMap="attractioninfo">
	 	SELECT content_id, content_type_id, title, addr1, addr2,
		tel, first_image1, first_image2, area_code, si_gun_gu_code, latitude, longitude, map_level
		FROM attractions
		WHERE no=#{attractionNo}
	</select>


<!--	<select id="getOverview" parameterType="int" resultType="String">-->
<!--	 	SELECT overview-->
<!--	 	FROM attraction_description-->
<!--	 	WHERE content_id=#{contentId}-->
<!--	</select>-->

</mapper>