<?xml version="1.0" encoding="UTF-8" ?>
<!DOCTYPE mapper PUBLIC "-//mybatis.org//DTD Mapper 3.0//EN"
        "http://mybatis.org/dtd/mybatis-3-mapper.dtd">


<mapper namespace="com.ssafy.post.model.mapper.CommentMapper">
    <resultMap type="CommentDto" id="comment">
        <result column="comment_no" property="commentNo"/>
        <result column="post_no" property="postNo"/>
        <result column="user_id" property="userId"/>
        <result column="content" property="content"/>
        <result column="date" property="date"/>
    </resultMap>

    <select id="getCommentsByPost" resultType="com.ssafy.post.model.CommentDto">
        SELECT * FROM comments WHERE post_no = #{postNo} ORDER BY register DESC;
    </select>

    <insert id="insertComment">
        INSERT INTO comments (post_no, user_id, comment, register)
        VALUES (#{postNo}, #{userId}, #{comment}, NOW());
    </insert>

    <update id="updateComment">
        UPDATE comments SET comment = #{comment}, register = NOW()
        WHERE comment_no = #{commentNo};
    </update>

    <delete id="deleteComment">
        DELETE FROM comments WHERE comment_no = #{commentNo};
    </delete>

    <select id="getCommentsByUser" resultType="com.ssafy.post.model.CommentDto">
        SELECT * FROM comments WHERE user_id = #{userId} ORDER BY register DESC;
    </select>

    <select id="getCommentAuthor" resultType="String">
        SELECT user_id FROM comments WHERE comment_no = #{commentNo};
    </select>

</mapper>
