<?xml version="1.0" encoding="UTF-8"?>
<!DOCTYPE mapper PUBLIC "-//mybatis.org//DTD Mapper 3.0//EN" 
	"http://mybatis.org/dtd/mybatis-3-mapper.dtd">

<mapper namespace="com.ssafy.like.model.mapper.LikeMapper">

    <!-- Result Map for LikeDto -->
    <resultMap type="com.ssafy.like.model.LikeDto" id="LikeDto">
        <result column="user_id" property="userId"/>
        <result column="attraction_no" property="attractinoNo"/>
        <result column="post_no" property="postNo"/>
    </resultMap>

    <resultMap type="AttractionInfoDto" id="attractioninfo">
        <result column="no" property="no"/>
        <result column="content_id" property="contentId"/>
        <result column="content_type_id" property="contentTypeId"/>
        <result column="title" property="title"/>
        <result column="addr1" property="addr1"/>
        <result column="addr2" property="addr2"/>
        <result column="tel" property="tel"/>
        <result column="first_image1" property="firstImage1"/>
        <result column="first_image2" property="firstImage2"/>
        <result column="area_code" property="sidoCode"/>
        <result column="si_gun_gu_code" property="sigunguCode"/>
        <result column="latitude" property="latitude"/>
        <result column="longitude" property="longitude"/>
        <result column="map_level" property="mlevel"/>
        <result column="is_liked" property="isLiked"/>
        <result property="contentTypeName" column="contentTypeName" />
        <result property="sidoName" column="sidoName" />
        <result property="gugunName" column="gugunName" />
    </resultMap>



    <select id="getLikeList" parameterType="string" resultMap="attractioninfo">
        SELECT DISTINCT
            a.no,
            a.title,
            a.homepage,
            a.content_id,
            a.content_type_id,
            a.addr1,
            a.addr2,
            a.tel,
            a.first_image1,
            a.first_image2,
            a.area_code,
            a.si_gun_gu_code,
            a.latitude,
            a.longitude,
            a.map_level,
            c.content_type_name AS contentTypeName,
            s.sido_name AS sidoName,
            g.gugun_name AS gugunName
        FROM
            attraction_like al
                INNER JOIN attractions a ON al.attraction_no = a.no
                INNER JOIN contenttypes c ON a.content_type_id = c.content_type_id
                INNER JOIN sidos s ON a.area_code = s.sido_code
                INNER JOIN (
                SELECT gugun_code, MIN(no) AS no, MAX(gugun_name) AS gugun_name
                FROM guguns
                GROUP BY gugun_code
            ) g ON a.si_gun_gu_code = g.gugun_code
        WHERE
            al.user_id = #{userId};

    </select>


    <!-- Insert Like (찜한 관광지 추가) -->
    <insert id="insertLikeAttraction" parameterType="LikeDto">
        INSERT INTO attraction_like (attraction_no, user_id)
        SELECT a.no, #{userId}
        FROM attractions a
        WHERE a.content_id = #{contentId}
    </insert>


<!--     Insert Like (찜한 관광지 취소) -->
    <delete id="deleteLikeAttraction" parameterType="LikeDto">
        DELETE FROM attraction_like
        WHERE user_id=#{userId} AND attraction_like.attraction_no=(SELECT no FROM attractions a WHERE a.content_id=#{contentId})
    </delete>

<!--    <insert id="insertLikePost" parameterType="LikeDto">-->
<!--        INSERT INTO post_like (post_no,user_id)-->
<!--        FROM post_like-->
<!--    </insert>-->
<!--    -->
    <!-- Retrieve Like List (찜한 관광지 목록 조회) -->
<!--    <select id="getLikeList"  resultMap="attractioninfo" parameterType="String">-->
<!--        SELECT-->
<!--            a.no,-->
<!--            a.content_id,-->
<!--            a.content_type_id,-->
<!--            a.title,-->
<!--            a.addr1,-->
<!--            a.addr2,-->
<!--            a.tel,-->
<!--            a.first_image1,-->
<!--            a.first_image2,-->
<!--            a.area_code,-->
<!--            a.si_gun_gu_code,-->
<!--            a.latitude,-->
<!--            a.longitude,-->
<!--            a.map_level-->
<!--        FROM attractions a-->
<!--        WHERE a.no IN (SELECT attraction_like.attraction_no-->
<!--                     FROM attraction_like-->
<!--                     WHERE attraction_like.user_id = #{userId})-->
<!--    </select>-->


        <!-- Retrieve Like by ID (contentId로 관광지 상세 조회) -->
<!--    <select id="getLikeById" parameterType="String" resultType="DetailDto">-->
<!--        SELECT * FROM attractions WHERE content_id = #{contentId}-->
<!--    </select>-->

    <!-- Retrieve Like by List No (listNo로 찜한 관광지 상세 조회) -->
<!--    <select id="getLikeByNo" parameterType="int" resultMap="DetailDto">-->
<!--        SELECT a.*-->
<!--        FROM attractions a-->
<!--        JOIN like_board like ON a.no = like.listNo-->
<!--        WHERE like.listNo = #{listNo}-->
<!--    </select>-->

<!--     Delete Like (찜한 관광지 삭제)-->
<!--    <delete id="deleteLike" parameterType="int">-->
<!--        DELETE FROM like_board WHERE listNo = #{listNo}-->
<!--    </delete>-->

    <!-- Check if Title Exists (관광지 제목 중복 확인) -->
    <select id="existsByTitle" parameterType="String" resultType="boolean">
        SELECT COUNT(*) > 0
        FROM attraction_like al
                 JOIN attractions a ON al.attraction_no = a.no
        WHERE a.title = #{title} AND al.user_id = #{userId};
    </select>



</mapper>
