<?xml version="1.0" encoding="UTF-8" ?>
<!DOCTYPE mapper PUBLIC "-//mybatis.org//DTD Mapper 3.0//EN" 
    "http://mybatis.org/dtd/mybatis-3-mapper.dtd">

<mapper namespace="com.ssafy.notice.model.mapper.NoticeMapper">

    <!-- 게시글 결과 매핑 -->
    <resultMap type="com.ssafy.notice.model.NoticeDto" id="noticeMap">
        <result column="notice_no" property="articleNo"/>
        <result column="user_id" property="userId"/>
        <result column="title" property="subject"/>
        <result column="content" property="content"/>
        <result column="hit" property="hit"/>
        <result column="regdate" property="registerTime"/>
    </resultMap>

    <!-- 게시글 전체 목록 조회 -->
    <select id="getAllArticles" resultMap="noticeMap">
        select b.notice_no, b.user_id, b.title, b.content, b.hit, b.regdate, u.user_name
		from notice b, users u 
		where b.user_id = u.user_id
        <include refid="search"></include>
        ORDER BY notice_no DESC
		limit #{start}, #{listsize}
    </select>
    
    <sql id="search">
		<if test="word != null and word != ''">
			<if test="key == 'subject'">
				and title like concat('%', #{word}, '%')
			</if>
			<if test="key != 'subject'">
				and ${key} = #{word}
			</if>
		</if>
	</sql>
    
    <!-- 게시글 Count -->
    <select id="getTotalArticleCount" parameterType="map" resultType="int">
		select count(notice_no)
		from notice
		<where>
			<include refid="search"></include>
		</where>
	</select>
	
	<!-- 게시글 조회수 -->
	<update id="updateHit" parameterType="int">
		update notice
		set hit = hit + 1
		where notice_no = #{articleNo}
	</update>

    <!-- 특정 게시글 조회 -->
    <select id="getArticle" parameterType="int" resultMap="noticeMap">
        SELECT * FROM notice WHERE notice_no = #{articleNo}
    </select>

    <!-- 게시글 작성 -->
    <insert id="createArticle" parameterType="com.ssafy.notice.model.NoticeDto">
        INSERT INTO notice (user_id, title, content, hit, regdate)
        VALUES (#{userId}, #{subject}, #{content}, 0, NOW())
    </insert>

    <!-- 게시글 수정 -->
    <update id="updateArticle" parameterType="com.ssafy.notice.model.NoticeDto">
        UPDATE notice SET title = #{subject}, content = #{content} WHERE notice_no = #{articleNo}
    </update>

    <!-- 게시글 삭제 -->
    <delete id="deleteArticle" parameterType="int">
        DELETE FROM notice WHERE notice_no = #{articleNo}
    </delete>

</mapper>