<?xml version="1.0" encoding="UTF-8" ?>
<!DOCTYPE mapper PUBLIC "-//mybatis.org//DTD Mapper 3.0//EN"
        "http://mybatis.org/dtd/mybatis-3-mapper.dtd">

<mapper namespace="com.ssafy.post.model.mapper.PostMapper">
	<resultMap id="postResultMap" type="com.ssafy.post.model.PostDto">
	    <!-- Mapping for primitive fields -->
	    <id property="postNo" column="post_no"/>
	    <result property="planNo" column="plan_no"/>
	    <result property="content" column="content"/>
	    <result property="score" column="score"/>
	    <result property="register" column="register"/>
	    <result property="hit" column="hit"/>
	    <result property="person" column="person"/>
	    <result property="money" column="money"/>
	    <result property="userId" column="user_id"/>
	    <result column="save_folder" property="saveFolder"/>
		<result column="original_file" property="originalFile"/>
		<result column="save_file" property="saveFile"/>
	</resultMap>

	<resultMap type="fileInfoDto" id="file">
		<result column="save_folder" property="saveFolder"/>
		<result column="original_file" property="originalFile"/>
		<result column="save_file" property="saveFile"/>
	</resultMap>
	
	<insert id="createPost" parameterType="com.ssafy.post.model.PostDto">
	    INSERT INTO posts (plan_no, content, score, register, hit, person, money, user_id, save_folder, original_file, save_file)
	    VALUES (#{planNo}, #{content}, #{score}, NOW(), 0, #{person}, #{money}, #{userId}, #{saveFolder}, #{originalFile}, #{saveFile})
	    <selectKey resultType="int" keyProperty="postNo" order="AFTER">
	        SELECT LAST_INSERT_ID()
	    </selectKey>
	</insert>
	


    <insert id="write" parameterType="com.ssafy.post.model.PostDto">
        INSERT INTO posts (plan_no, content, score, register, hit, person, money, user_id, save_folder, original_file, save_file)
        VALUES (#{planNo}, #{content}, #{score}, NOW(), 0,  #{person}, #{money}, #{userId}, #{saveFolder}, #{originalFile}, #{saveFile})
    </insert>

    <insert id="writeFile"  parameterType="map">
        update posts
		set save_folder = #{saveFolder}, original_file = #{originalFile}, save_file = #{saveFile}
		where post_no = #{postNo}
	</insert>

    <update id="updatePost">
        UPDATE posts
        SET content = #{postDto.content},
        score = #{postDto.score},
        person = #{postDto.person},
        money = #{postDto.money}
        WHERE post_no = #{postNo}
    </update>

    <delete id="deletePost">
        DELETE FROM posts WHERE post_no = #{postNo}
    </delete>

    <select id="getAllPosts" resultMap="postResultMap">
        SELECT post_no, plan_no, content, score, register, hit, person, money, user_id, save_folder, original_file, save_file
        FROM posts
    </select>

    <select id="getPostsByUser" resultType="com.ssafy.post.model.PostDto">
        SELECT post_no, plan_no, content, score, register, hit, person, money, user_id, save_folder, original_file, save_file FROM posts WHERE user_id = #{userId}
    </select>

    <update id="updateHit">
        UPDATE posts SET hit = hit + 1 WHERE post_no = #{postNo}
    </update>

    <select id="selectTopHitsPosts" resultType="PostDto">
        SELECT *
        FROM posts
        ORDER BY hit DESC
        LIMIT 10
    </select>
    
    <!-- 특정 여행 후기 detail -->
    <select id="getPostById" parameterType="int" resultMap="postResultMap">
	    SELECT post_no, plan_no, content, score, register, hit, person, money, user_id, save_folder, original_file, save_file
	    FROM posts
	    WHERE post_no = #{postNo}
	</select>
	    


</mapper>