<?xml version="1.0" encoding="UTF-8"?>
<!DOCTYPE mapper PUBLIC "-//mybatis.org//DTD Mapper 3.0//EN"
        "http://mybatis.org/dtd/mybatis-3-mapper.dtd">

<mapper namespace="com.ssafy.plan.model.mapper.PlanMapper">
	<resultMap id="AttractionDetailMap" type="com.ssafy.attraction.model.AttractionDetailDto">
	    <result property="no" column="no"/>
	    <result property="contentId" column="content_id"/>
	    <result property="contentTypeId" column="content_type_id"/>
	    <result property="title" column="title"/>
	    <result property="addr1" column="addr1"/>
	    <result property="addr2" column="addr2"/>
	    <result property="tel" column="tel"/>
	    <result property="firstImage1" column="first_image1"/>
	    <result property="firstImage2" column="first_image2"/>
	    <result property="areaCode" column="area_code"/>
	    <result property="siGunGuCode" column="si_gun_gu_code"/>
	    <result property="latitude" column="latitude"/>
	    <result property="longitude" column="longitude"/>
	    <result property="mapLevel" column="map_level"/>
	    <result property="time" column="time"/>
	    <result column="order_no" property="orderNo"/>
	</resultMap>


    <!-- PlanDto ResultMap -->
    <resultMap id="PlanResultMap" type="com.ssafy.plan.model.PlanDto">
        <result column="plan_no" property="planNo"/>
        <result column="plan_name" property="planName"/>
        <result column="start_date" property="startDate"/>
        <result column="end_date" property="endDate"/>
        <result column="user_id" property="userId"/>
    </resultMap>

    <!-- DayPlanDto ResultMap -->
    <resultMap id="DayPlanResultMap" type="com.ssafy.plan.model.DayPlanDto">
	    <result column="day_plan_no" property="dayPlanNo" />
	    <result column="plan_no" property="planNo" />
	    <result column="days" property="days" />
	    <result column="memo" property="memo" />
	    <collection property="attractions" ofType="com.ssafy.plan.model.AttractionDto">
	        <result column="attraction_plan_no" property="attractionPlanNo" />
	        <result column="day_plan_no" property="dayPlanNo" />
	        <result column="attraction_no" property="attractionNo" />
	        <result column="time" property="time" />
	        <result column="order_no" property="orderNo"/>
	    </collection>
	</resultMap>

    <!-- AttractionDto ResultMap -->
    <resultMap id="AttractionResultMap" type="com.ssafy.plan.model.AttractionDto">
        <result column="attraction_plan_no" property="attractionPlanNo"/>
        <result column="day_plan_no" property="dayPlanNo"/>
        <result column="attraction_no" property="attractionNo"/>
        <result column="time" property="time"/>
        <result column="order_no" property="orderNo"/>
    </resultMap>

    <!-- 여행 계획 -->
    <insert id="insertPlan" useGeneratedKeys="true" keyProperty="planNo">
        INSERT INTO plans (plan_name, start_date, end_date, user_id)
        VALUES (#{planName}, #{startDate}, #{endDate}, #{userId});
    </insert>

    <update id="updatePlan">
        UPDATE plans SET plan_name = #{planName}, start_date = #{startDate}, end_date = #{endDate}
        WHERE plan_no = #{planNo};
    </update>
	
	<!-- plan 삭제 -->
    <delete id="deletePlan">
        DELETE FROM plans WHERE plan_no = #{planNo};
    </delete>

    <select id="selectPlan" resultMap="PlanResultMap">
        SELECT plan_no, plan_name, start_date, end_date
        FROM plans
        WHERE plan_no = #{planNo};
    </select>

    <select id="selectAllPlans" resultMap="PlanResultMap">
        SELECT plan_no, plan_name, start_date, end_date
        FROM plans
        ORDER BY start_date DESC;
    </select>

    <!-- 하루 일정 -->
    <insert id="insertDayPlan" useGeneratedKeys="true" keyProperty="dayPlanNo">
        INSERT INTO day_plan (plan_no, days, memo)
        VALUES (#{planNo}, #{days}, #{memo});
    </insert>

    <delete id="deleteDayPlan">
        DELETE FROM day_plan WHERE day_plan_no = #{dayPlanNo};
    </delete>

	<!-- day_plan 삭제 -->
    <delete id="deleteDayPlans">
        DELETE FROM day_plan WHERE plan_no = #{planNo};
    </delete>
	
	<!-- 하루 일정과 관광지 데이터를 함께 가져오는 경우 -->
    <select id="selectDayPlans" resultMap="DayPlanResultMap">
	    SELECT 
	        dp.day_plan_no, 
	        dp.plan_no, 
	        dp.days, 
	        dp.memo,
	        ap.attraction_plan_no, 
	        ap.day_plan_no AS attraction_day_plan_no, 
	        ap.attraction_no, 
	        ap.time,
	        ap.order_no -- order_no를 명시적으로 포함
	    FROM day_plan dp
	    LEFT JOIN attraction_plan ap ON dp.day_plan_no = ap.day_plan_no
	    WHERE dp.plan_no = #{planNo}
	    ORDER BY dp.day_plan_no ASC, ap.order_no ASC; -- order_no로 정렬
	</select>


	
	<!-- day_plan_no 목록 조회 -->
	<select id="selectDayPlanNos" resultType="int">
	    SELECT day_plan_no FROM day_plan WHERE plan_no = #{planNo};
	</select>
	


    <!-- 관광지 추가(order_no로 순서 관리) -->
	<insert id="insertAttraction">
	    INSERT INTO attraction_plan (day_plan_no, attraction_no, time, order_no)
	    SELECT 
	        #{dayPlanNo}, 
	        #{attractionNo}, 
	        #{time}, 
	        COALESCE(MAX(order_no), 0) + 1
	    FROM attraction_plan
	    WHERE day_plan_no = #{dayPlanNo};
	</insert>	

    <delete id="deleteAttraction">
        DELETE FROM attraction_plan WHERE day_plan_no = #{dayPlanNo} AND attraction_no = #{attractionNo};
    </delete>

	<!-- attraction_plan 삭제 -->
    <delete id="deleteAttractions">
        DELETE FROM attraction_plan WHERE day_plan_no = #{dayPlanNo};
    </delete>
    
    <!-- attraction_plan time 수정 -->
    <update id="updateAttractionTime">
	    UPDATE attraction_plan
	    SET time = #{time}
	    WHERE day_plan_no = #{dayPlanNo} AND attraction_no = #{attractionNo};
	</update>
	
	<!-- 관광지 순서 update -->
	<update id="updateAttractionsOrder">
	    UPDATE attraction_plan
	    SET order_no = CASE attraction_no
	        <foreach collection="attractions" item="attraction" index="index" separator=" ">
	            WHEN #{attraction.attractionNo} THEN #{index}
	        </foreach>
	    END
	    WHERE day_plan_no = #{dayPlanNo}
	    AND attraction_no IN (
	        <foreach collection="attractions" item="attraction" separator=",">
	            #{attraction.attractionNo}
	        </foreach>
	    )
	</update>

    <!-- 관광지 순서대로 정렬하여 반환 -->
    <select id="selectAttractions" resultMap="AttractionResultMap">
	    SELECT attraction_plan_no, day_plan_no, attraction_no, time, order_no
	    FROM attraction_plan
	    WHERE day_plan_no = #{dayPlanNo}
	    ORDER BY order_no ASC
	</select>

    
    <select id="selectAttractionInfo" resultMap="AttractionDetailMap">
	    SELECT 
	        a.no,
	        a.content_id,
	        a.content_type_id,
	        a.title,
	        a.addr1,
	        a.addr2,
	        a.tel,
	        a.first_image1,
	        a.first_image2,
	        a.area_code,
	        a.si_gun_gu_code,
	        a.latitude,
	        a.longitude,
	        a.map_level,
	        ap.time,
	        ap.order_no -- order_no를 추가
	    FROM attractions a
	    INNER JOIN attraction_plan ap
	        ON a.no = ap.attraction_no
	    WHERE ap.day_plan_no = #{dayPlanNo}
	    ORDER BY ap.order_no ASC; -- order_no를 기준으로 정렬
	</select>


	
    <!-- 사용자 관련 -->
    <select id="selectMaxPlanNo" resultType="int">
        SELECT COALESCE(MAX(plan_no), 0) FROM plans WHERE user_id = #{userId};
    </select>

    <!-- 사용자 여행 계획 조회 -->
	<select id="selectUserPlans" resultMap="PlanResultMap">
	    SELECT plan_no, plan_name, start_date, end_date, user_id 
	    FROM plans 
	    WHERE user_id = #{userId};
	</select>

</mapper>
