<?xml version="1.0" encoding="UTF-8"?>
<!DOCTYPE mapper PUBLIC "-//mybatis.org//DTD Mapper 3.0//EN" 
	"http://mybatis.org/dtd/mybatis-3-mapper.dtd">

<mapper namespace="com.ssafy.post.model.mapper.PostMapper">

    <resultMap type="com.ssafy.post.model.PostDto" id="postMap">
        <result column="post_no" property="postNo"/>
        <result column="plan_no" property="planNo"/>
        <result column="content" property="content"/>
        <result column="score" property="score"/>
        <result column="person" property="person"/>
        <result column="money" property="money"/>
        <result column="register" property="register"/>
        <result column="hit" property="hit"/>
    </resultMap>

    <insert id="insertPost">
        INSERT INTO posts (plan_no, content, score, person, money, register, hit)
        VALUES (#{planNo}, #{content}, #{score}, #{person}, #{money}, NOW(), #{hit});
    </insert>

    <select id="selectPost" resultType="com.ssafy.post.model.PostDto">
        SELECT * FROM posts WHERE post_no = #{postNo};
    </select>

    <select id="selectPostsByPlan" resultType="com.ssafy.post.model.PostDto">
        SELECT * FROM posts WHERE plan_no = #{planNo} ORDER BY register DESC;
    </select>

    <update id="updatePost">
        UPDATE posts
        SET content = #{content}, score = #{score}, person = #{person}, money = #{money}, hit = #{hit}
        WHERE post_no = #{postNo};
    </update>

    <delete id="deletePost">
        DELETE FROM posts WHERE post_no = #{postNo};
    </delete>

</mapper>