<?xml version="1.0" encoding="UTF-8" ?>
<!DOCTYPE mapper PUBLIC "-//mybatis.org//DTD Mapper 3.0//EN" 
	"http://mybatis.org/dtd/mybatis-3-mapper.dtd">

<mapper namespace="com.ssafy.user.model.mapper.UserMapper">
	
	<resultMap type="userDto" id="user">
		<result column="user_id" property="userId"/>
		<result column="user_name" property="userName"/>
		<result column="user_password" property="userPwd"/>
		<result column="email_id" property="emailId"/>
		<result column="email_domain" property="emailDomain"/>
		<result column="join_date" property="joinDate"/>
		<result column="role" property="role"/>
		<result column="token" property="refreshToken"/>
	</resultMap>

	<select id="idCheck" parameterType="String" resultType="int">
		select count(user_id)
		from users
		where user_id = #{userid}
	</select>

	<insert id="joinMember" parameterType="userDto">
		insert into users (user_name, user_id, user_password, email_id, email_domain, join_date)
		values (#{userName}, #{userId}, #{userPwd}, #{emailId}, #{emailDomain}, now())
	</insert>
	
	<select id="login" parameterType="map" resultMap="user">
		select user_id, user_name, token
		from users
		where user_id = #{userId} and user_password = #{userPwd}
	</select>
	
	<select id="userInfo" parameterType="string" resultMap="user">
		select user_name, user_id, user_password, email_id, email_domain, join_date, role, token
		from users
		where user_id = #{userId}
	</select>
	
	<update id="saveRefreshToken" parameterType="map">
		update users
		set token = #{token}
		where user_id = #{userId}
	</update>
	
	<select id="getRefreshToken" parameterType="string" resultType="string">
		select token
		from users
		where user_id = #{userId}
	</select>
	
	<update id="deleteRefreshToken" parameterType="map">
		update users
		set token = #{token, jdbcType=VARCHAR}
		where user_id = #{userId}
	</update>
	
	<!-- 1. 아이디로 회원 조회 -->
    <select id="selectById" parameterType="string" resultMap="user">
        SELECT user_id, user_name, user_password, email_id, email_domain, join_date, role, token
        FROM users
        WHERE user_id = #{userId}
    </select>
	
	<!-- 2. 회원 정보 삽입 -->
    <insert id="insert" parameterType="userDto">
        INSERT INTO users (user_id, user_name, user_password, email_id, email_domain, join_date)
        VALUES (#{userId}, #{userName}, #{userPwd}, #{emailId}, #{emailDomain}, NOW())
    </insert>
    
    <update id="updateUserField">
	  UPDATE users
	  SET user_password = #{value}
	  WHERE user_id = #{userId}
	</update>
    
    <update id="updateEmail">
	  UPDATE users
	  SET email_id = #{emailId}, email_domain = #{emailDomain}
	  WHERE user_id = #{userId}
	</update>
	
	<delete id="deleteMember" parameterType="string">
        DELETE FROM users 
        WHERE user_id = #{userId}
    </delete>
	
	
</mapper>